ImagePath,PredPSPI,PredAU4,PredAU6,PredAU7,PredAU10,PredAU12,PredAU20,PredAU25,PredAU26,PredAU43,ActualPSPI,ActualAU4,ActualAU6,ActualAU7,ActualAU9,ActualAU10,ActualAU12,ActualAU20,ActualAU25,ActualAU26,ActualAU43
171_e_au25.0.png,1.0216482877731323,0.08460074663162231,0.2818540930747986,-0.18471145629882812,-0.17061245441436768,0.4297662079334259,0.3547108769416809,0.7947192192077637,0.28101158142089844,0.030257001519203186,0.0,0.0,0.0,0.0,0.0,0.0,0.0,0.0,0.0,0.0,0.0
171_e_au25.100.png,1.5665193796157837,-0.02306729182600975,0.7019590139389038,-0.05633873865008354,-0.0606222003698349,1.1511056423187256,0.5019622445106506,0.909222424030304,0.1694442331790924,0.02611584961414337,0.0,0.0,0.0,0.0,0.0,0.0,0.0,0.0,5.0,0.0,0.0
171_e_au25.25.png,1.6569945812225342,0.13164085149765015,0.6438885927200317,-0.11030590534210205,0.15542854368686676,1.1561440229415894,0.4257214069366455,0.7933617830276489,0.22978343069553375,0.033242497593164444,0.0,0.0,0.0,0.0,0.0,0.0,0.0,0.0,1.25,0.0,0.0
171_e_au25.5.png,0.8795737028121948,0.09857511520385742,0.39416801929473877,-0.01804901286959648,-0.2458331286907196,0.5196553468704224,0.5491268038749695,0.5168542265892029,-0.06834636628627777,0.01179739274084568,0.0,0.0,0.0,0.0,0.0,0.0,0.0,0.0,0.25,0.0,0.0
171_e_au25.75.png,1.0994946956634521,0.03706224262714386,0.30850934982299805,0.08850251138210297,0.004669553600251675,0.9531039595603943,0.34923434257507324,0.9238088726997375,0.07881656289100647,0.03303370624780655,0.0,0.0,0.0,0.0,0.0,0.0,0.0,0.0,3.75,0.0,0.0
