ImagePath,PredPSPI,PredAU4,PredAU6,PredAU7,PredAU10,PredAU12,PredAU20,PredAU25,PredAU26,PredAU43,ActualPSPI,ActualAU4,ActualAU6,ActualAU7,ActualAU9,ActualAU10,ActualAU12,ActualAU20,ActualAU25,ActualAU26,ActualAU43
171_e_au25.0.png,1.0556851625442505,0.32339149713516235,0.19091671705245972,0.05600403994321823,-0.11830807477235794,0.2774510085582733,0.2863329350948334,0.7682510614395142,0.33455684781074524,0.055039744824171066,0.0,0.0,0.0,0.0,0.0,0.0,0.0,0.0,0.0,0.0,0.0
171_e_au25.100.png,1.3195699453353882,0.04484602063894272,0.4479517340660095,0.07256779819726944,0.05718456581234932,0.3605298399925232,0.41640782356262207,0.4742443561553955,0.16070879995822906,0.06095137447118759,0.0,0.0,0.0,0.0,0.0,0.0,0.0,0.0,5.0,0.0,0.0
171_e_au25.25.png,1.42186439037323,0.07589706778526306,0.5101040601730347,0.016859304159879684,-0.013069077394902706,0.7113330960273743,0.46317166090011597,0.7909936308860779,0.09126061201095581,0.025037076324224472,0.0,0.0,0.0,0.0,0.0,0.0,0.0,0.0,1.25,0.0,0.0
171_e_au25.5.png,0.3011919856071472,0.23564934730529785,-0.08059510588645935,-0.01874743029475212,-0.22421792149543762,0.41762667894363403,0.43898120522499084,0.5452249050140381,0.0320376418530941,0.016752291470766068,0.0,0.0,0.0,0.0,0.0,0.0,0.0,0.0,0.25,0.0,0.0
171_e_au25.75.png,1.543164849281311,0.1192919909954071,0.4433150589466095,0.11725173890590668,0.09889531880617142,0.4597474932670593,0.40650254487991333,0.7549503445625305,0.12436544895172119,0.016757873818278313,0.0,0.0,0.0,0.0,0.0,0.0,0.0,0.0,3.75,0.0,0.0
