ImagePath,PredPSPI,PredAU4,PredAU6,PredAU7,PredAU10,PredAU12,PredAU20,PredAU25,PredAU26,PredAU43,ActualPSPI,ActualAU4,ActualAU6,ActualAU7,ActualAU9,ActualAU10,ActualAU12,ActualAU20,ActualAU25,ActualAU26,ActualAU43
171_a_au25.0.png,1.188862919807434,0.08712112903594971,0.9748964905738831,-0.3663142919540405,0.12231741100549698,0.48929837346076965,0.15358293056488037,0.3768972158432007,0.34072965383529663,0.01623057760298252,0.0,0.0,0.0,0.0,0.0,0.0,0.0,0.0,0.0,0.0,0.0
171_a_au25.100.png,1.6912585496902466,-0.01862010359764099,1.177620530128479,-0.13773204386234283,0.23346029222011566,0.8020282983779907,0.2341344654560089,0.46810275316238403,0.27194857597351074,0.02399534359574318,0.0,0.0,0.0,0.0,0.0,0.0,0.0,0.0,5.0,0.0,0.0
171_a_au25.25.png,1.8254421949386597,0.07130010426044464,1.325749397277832,-0.32004237174987793,0.11130578815937042,0.640041172504425,0.11327849328517914,0.23866085708141327,0.5484601259231567,0.016201231628656387,0.0,0.0,0.0,0.0,0.0,0.0,0.0,0.0,1.25,0.0,0.0
171_a_au25.5.png,1.6683399677276611,0.15644042193889618,1.163801670074463,-0.40986672043800354,0.1693970263004303,0.7629189491271973,0.04569081962108612,0.23649173974990845,0.3067081570625305,0.040412526577711105,0.0,0.0,0.0,0.0,0.0,0.0,0.0,0.0,0.25,0.0,0.0
171_a_au25.75.png,1.3377577066421509,-0.027386438101530075,1.0800232887268066,-0.29497605562210083,0.06632127612829208,0.7038417458534241,0.19611939787864685,0.4904869794845581,0.2862728536128998,0.01876816898584366,0.0,0.0,0.0,0.0,0.0,0.0,0.0,0.0,3.75,0.0,0.0
