ImagePath,PredPSPI,PredAU4,PredAU6,PredAU7,PredAU10,PredAU12,PredAU20,PredAU25,PredAU26,PredAU43,ActualPSPI,ActualAU4,ActualAU6,ActualAU7,ActualAU9,ActualAU10,ActualAU12,ActualAU20,ActualAU25,ActualAU26,ActualAU43
171_a_au25.0.png,7.82529878616333,-0.34990236163139343,6.51503849029541,-3.315434694290161,0.46272802352905273,6.319913387298584,-0.28451603651046753,1.6648696660995483,1.297215223312378,0.2504037916660309,0.0,0.0,0.0,0.0,0.0,0.0,0.0,0.0,0.0,0.0,0.0
171_a_au25.100.png,8.452757835388184,-0.30958932638168335,6.580271244049072,-3.2011306285858154,0.8488613367080688,6.1141862869262695,-0.19705736637115479,2.638489007949829,1.7465555667877197,0.15821674466133118,0.0,0.0,0.0,0.0,0.0,0.0,0.0,0.0,50.0,0.0,0.0
171_a_au25.25.png,7.9431867599487305,-0.33735391497612,6.537185192108154,-3.3047759532928467,0.5244871377944946,6.314569473266602,-0.2724961042404175,1.8343334197998047,1.3964929580688477,0.23753055930137634,0.0,0.0,0.0,0.0,0.0,0.0,0.0,0.0,12.5,0.0,0.0
171_a_au25.5.png,8.175363540649414,-0.3293573260307312,6.627807140350342,-3.313763380050659,0.6219813227653503,6.320402145385742,-0.2534874975681305,2.069988489151001,1.4928549528121948,0.22842639684677124,0.0,0.0,0.0,0.0,0.0,0.0,0.0,0.0,2.5,0.0,0.0
171_a_au25.75.png,8.335115432739258,-0.32294246554374695,6.644613265991211,-3.277838706970215,0.7281386256217957,6.318488121032715,-0.217558354139328,2.3842248916625977,1.59359872341156,0.19915072619915009,0.0,0.0,0.0,0.0,0.0,0.0,0.0,0.0,37.5,0.0,0.0
