ImagePath,PredPSPI,PredAU4,PredAU6,PredAU7,PredAU10,PredAU12,PredAU20,PredAU25,PredAU26,PredAU43,ActualPSPI,ActualAU4,ActualAU6,ActualAU7,ActualAU9,ActualAU10,ActualAU12,ActualAU20,ActualAU25,ActualAU26,ActualAU43
171_a_au25.0.png,1.6099183559417725,-0.009442060254514217,1.4710893630981445,-0.3865751028060913,0.031103339046239853,0.9341058135032654,-0.03211118280887604,0.38247889280319214,0.3270241320133209,0.027378473430871964,0.0,0.0,0.0,0.0,0.0,0.0,0.0,0.0,0.0,0.0,0.0
171_a_au25.100.png,1.6807223558425903,-0.19745640456676483,1.383204460144043,-0.43528205156326294,0.08024661242961884,1.4040005207061768,0.33654749393463135,0.6314193606376648,0.3104785978794098,5.296710878610611e-05,0.0,0.0,0.0,0.0,0.0,0.0,0.0,0.0,5.0,0.0,0.0
171_a_au25.25.png,1.7913856506347656,-0.07023192197084427,1.386040210723877,-0.42788928747177124,-0.01655970700085163,1.0263053178787231,0.11505098640918732,0.6769251227378845,0.4150744080543518,0.003326145000755787,0.0,0.0,0.0,0.0,0.0,0.0,0.0,0.0,1.25,0.0,0.0
171_a_au25.5.png,1.861328125,-0.11173814535140991,1.2127078771591187,-0.30811330676078796,0.13807979226112366,0.9054408073425293,0.13415409624576569,0.3347305953502655,0.15825438499450684,0.01480676420032978,0.0,0.0,0.0,0.0,0.0,0.0,0.0,0.0,0.25,0.0,0.0
171_a_au25.75.png,1.5442261695861816,-0.10381817817687988,1.206178069114685,-0.31701281666755676,0.18074862658977509,1.1779214143753052,0.1449907124042511,0.6810304522514343,0.6098094582557678,0.021614816039800644,0.0,0.0,0.0,0.0,0.0,0.0,0.0,0.0,3.75,0.0,0.0
