ImagePath,PredPSPI,PredAU4,PredAU6,PredAU7,PredAU10,PredAU12,PredAU20,PredAU25,PredAU26,PredAU43,ActualPSPI,ActualAU4,ActualAU6,ActualAU7,ActualAU9,ActualAU10,ActualAU12,ActualAU20,ActualAU25,ActualAU26,ActualAU43
171_a_au25.0.png,10.238298416137695,-0.7208669781684875,9.00737190246582,-3.515530586242676,1.1012943983078003,9.244202613830566,0.10328024625778198,1.631837010383606,2.197000741958618,1.152585506439209,0.0,0.0,0.0,0.0,0.0,0.0,0.0,0.0,0.0,0.0,0.0
171_a_au25.100.png,10.956937789916992,-0.6348401308059692,8.544439315795898,-3.2239975929260254,2.5003814697265625,7.420681953430176,0.22180917859077454,4.16571569442749,2.925687789916992,0.912158727645874,0.0,0.0,0.0,0.0,0.0,0.0,0.0,0.0,50.0,0.0,0.0
171_a_au25.25.png,10.323197364807129,-0.7397470474243164,8.931656837463379,-3.506108283996582,1.3789951801300049,9.109496116638184,0.18615981936454773,2.2984485626220703,2.3491554260253906,1.1602303981781006,0.0,0.0,0.0,0.0,0.0,0.0,0.0,0.0,12.5,0.0,0.0
171_a_au25.5.png,10.68557071685791,-0.7252267599105835,8.931438446044922,-3.3960089683532715,1.7990063428878784,8.709736824035645,0.2617166340351105,3.1437251567840576,2.5383453369140625,1.1059945821762085,0.0,0.0,0.0,0.0,0.0,0.0,0.0,0.0,2.5,0.0,0.0
171_a_au25.75.png,10.909106254577637,-0.7006207704544067,8.852447509765625,-3.355104684829712,2.1642682552337646,8.11484432220459,0.26959988474845886,3.730922222137451,2.7126834392547607,1.0191131830215454,0.0,0.0,0.0,0.0,0.0,0.0,0.0,0.0,37.5,0.0,0.0
