ImagePath,PredPSPI,PredAU4,PredAU6,PredAU7,PredAU10,PredAU12,PredAU20,PredAU25,PredAU26,PredAU43,ActualPSPI,ActualAU4,ActualAU6,ActualAU7,ActualAU9,ActualAU10,ActualAU12,ActualAU20,ActualAU25,ActualAU26,ActualAU43
171_e_au25.0.png,0.875723123550415,-0.028519030660390854,0.022489018738269806,0.10194246470928192,0.07802996784448624,0.2914738059043884,0.38526880741119385,0.6387189626693726,0.15320873260498047,0.035532813519239426,0.0,0.0,0.0,0.0,0.0,0.0,0.0,0.0,0.0,0.0,0.0
171_e_au25.100.png,1.5214704275131226,0.2208261936903,0.38610920310020447,0.07439438253641129,0.11019185185432434,0.7186579704284668,0.4660641551017761,0.7680940628051758,-0.03511006385087967,0.053289663046598434,0.0,0.0,0.0,0.0,0.0,0.0,0.0,0.0,5.0,0.0,0.0
171_e_au25.25.png,0.725211501121521,0.010773497633635998,0.10257245600223541,0.013788072392344475,-0.06011036038398743,0.6690806150436401,0.36052316427230835,0.6023255586624146,0.29316914081573486,0.01374602410942316,0.0,0.0,0.0,0.0,0.0,0.0,0.0,0.0,1.25,0.0,0.0
171_e_au25.5.png,0.7878509759902954,0.015209438279271126,0.21623849868774414,-0.05917619913816452,-0.0776197612285614,0.346092164516449,0.37244075536727905,0.7411004304885864,0.07920840382575989,0.04553128033876419,0.0,0.0,0.0,0.0,0.0,0.0,0.0,0.0,0.25,0.0,0.0
171_e_au25.75.png,1.5575639009475708,0.028202803805470467,0.4461945593357086,0.017692670226097107,0.15902630984783173,0.8057072162628174,0.31200116872787476,1.0111674070358276,0.3764963746070862,-0.004323269240558147,0.0,0.0,0.0,0.0,0.0,0.0,0.0,0.0,3.75,0.0,0.0
