ImagePath,PredPSPI,PredAU4,PredAU6,PredAU7,PredAU10,PredAU12,PredAU20,PredAU25,PredAU26,PredAU43,ActualPSPI,ActualAU4,ActualAU6,ActualAU7,ActualAU9,ActualAU10,ActualAU12,ActualAU20,ActualAU25,ActualAU26,ActualAU43
171_a_au25.0.png,1.952337622642517,-0.04103213921189308,1.4452797174453735,-0.3811102509498596,0.02157045714557171,0.5310335159301758,-0.043330080807209015,0.34963881969451904,0.36391711235046387,0.03801901265978813,0.0,0.0,0.0,0.0,0.0,0.0,0.0,0.0,0.0,0.0,0.0
171_a_au25.100.png,1.8980003595352173,-0.14564073085784912,1.3798941373825073,-0.23577778041362762,0.05327671021223068,0.7566314935684204,0.2543296813964844,0.5023795366287231,0.5255504250526428,-0.01644064113497734,0.0,0.0,0.0,0.0,0.0,0.0,0.0,0.0,5.0,0.0,0.0
171_a_au25.25.png,0.9485800266265869,0.13411113619804382,0.996176540851593,-0.451631098985672,0.2031855285167694,0.6172412037849426,0.16275537014007568,0.2859361171722412,0.2239452451467514,0.023454859852790833,0.0,0.0,0.0,0.0,0.0,0.0,0.0,0.0,1.25,0.0,0.0
171_a_au25.5.png,1.8894884586334229,0.16068309545516968,1.2097100019454956,-0.3447110056877136,0.18223173916339874,0.5778468251228333,-0.010666027665138245,0.5032451152801514,0.45082026720046997,0.025408755987882614,0.0,0.0,0.0,0.0,0.0,0.0,0.0,0.0,0.25,0.0,0.0
171_a_au25.75.png,1.1644166707992554,0.046892259269952774,1.1855416297912598,-0.4541071653366089,0.07010515034198761,0.5628847479820251,0.12672129273414612,0.3762480914592743,0.4116845428943634,0.0216081440448761,0.0,0.0,0.0,0.0,0.0,0.0,0.0,0.0,3.75,0.0,0.0
