ImagePath,PredPSPI,PredAU4,PredAU6,PredAU7,PredAU10,PredAU12,PredAU20,PredAU25,PredAU26,PredAU43,ActualPSPI,ActualAU4,ActualAU6,ActualAU7,ActualAU9,ActualAU10,ActualAU12,ActualAU20,ActualAU25,ActualAU26,ActualAU43
171_e_au25.0.png,4.376549243927002,1.6411935091018677,0.22417941689491272,-1.2024606466293335,0.2100360095500946,-0.28004205226898193,1.0598773956298828,1.4151750802993774,1.5346062183380127,0.5462886095046997,0.0,0.0,0.0,0.0,0.0,0.0,0.0,0.0,0.0,0.0,0.0
171_e_au25.100.png,8.026427268981934,0.2486010044813156,3.2982192039489746,-0.8523210883140564,0.30862414836883545,4.772430419921875,1.9196957349777222,3.2800209522247314,0.23788923025131226,0.37434491515159607,0.0,0.0,0.0,0.0,0.0,0.0,0.0,0.0,50.0,0.0,0.0
171_e_au25.25.png,7.955395221710205,0.10365214198827744,3.6590657234191895,-1.2269808053970337,0.11180776357650757,5.607247829437256,1.6104991436004639,3.031034469604492,-0.2343396693468094,0.5196959376335144,0.0,0.0,0.0,0.0,0.0,0.0,0.0,0.0,12.5,0.0,0.0
171_e_au25.5.png,5.611873626708984,1.4897531270980835,0.6364593505859375,-0.9417370557785034,0.5062937140464783,-0.12837861478328705,1.4249186515808105,2.362337350845337,1.8368427753448486,0.6021532416343689,0.0,0.0,0.0,0.0,0.0,0.0,0.0,0.0,2.5,0.0,0.0
171_e_au25.75.png,8.088601112365723,0.22046881914138794,3.3767893314361572,-1.0994539260864258,0.2814278304576874,5.093048095703125,1.6491727828979492,3.362480401992798,-0.06191052123904228,0.48755791783332825,0.0,0.0,0.0,0.0,0.0,0.0,0.0,0.0,37.5,0.0,0.0
