ImagePath,PredPSPI,PredAU4,PredAU6,PredAU7,PredAU10,PredAU12,PredAU20,PredAU25,PredAU26,PredAU43,ActualPSPI,ActualAU4,ActualAU6,ActualAU7,ActualAU9,ActualAU10,ActualAU12,ActualAU20,ActualAU25,ActualAU26,ActualAU43
171_a_au25.0.png,2.1336939334869385,0.038787588477134705,1.2662997245788574,-0.2994788885116577,0.09983207285404205,1.1228806972503662,0.043689265847206116,0.49298107624053955,0.181198388338089,0.06463522464036942,0.0,0.0,0.0,0.0,0.0,0.0,0.0,0.0,0.0,0.0,0.0
171_a_au25.100.png,1.6250686645507812,0.03394400700926781,1.0388612747192383,-0.2790289521217346,0.08412476629018784,0.8645398020744324,0.2974322736263275,0.6022959351539612,0.10724931955337524,0.060798775404691696,0.0,0.0,0.0,0.0,0.0,0.0,0.0,0.0,5.0,0.0,0.0
171_a_au25.25.png,1.3939517736434937,-0.14311814308166504,0.9276410341262817,-0.22909024357795715,0.16055546700954437,0.7948815822601318,0.2000230848789215,0.5839409828186035,0.10347668081521988,0.07027959078550339,0.0,0.0,0.0,0.0,0.0,0.0,0.0,0.0,1.25,0.0,0.0
171_a_au25.5.png,2.1722140312194824,-0.05702069401741028,1.5047889947891235,-0.4254525899887085,0.2240518480539322,1.2510457038879395,0.34297898411750793,0.9172269701957703,0.3366732597351074,0.08920308202505112,0.0,0.0,0.0,0.0,0.0,0.0,0.0,0.0,0.25,0.0,0.0
171_a_au25.75.png,2.3361470699310303,-0.013673831708729267,1.2891604900360107,-0.37172532081604004,0.1535136103630066,1.3524311780929565,0.19881659746170044,0.6854466199874878,0.3572857081890106,0.04910556972026825,0.0,0.0,0.0,0.0,0.0,0.0,0.0,0.0,3.75,0.0,0.0
