ImagePath,PredPSPI,PredAU4,PredAU6,PredAU7,PredAU10,PredAU12,PredAU20,PredAU25,PredAU26,PredAU43,ActualPSPI,ActualAU4,ActualAU6,ActualAU7,ActualAU9,ActualAU10,ActualAU12,ActualAU20,ActualAU25,ActualAU26,ActualAU43
171_e_au25.0.png,1.215280532836914,0.40147724747657776,-0.5543615818023682,-1.0970379114151,-0.8883531093597412,1.5841588973999023,1.3009942770004272,2.647409677505493,0.5476537346839905,0.239848330616951,0.0,0.0,0.0,0.0,0.0,0.0,0.0,0.0,0.0,0.0,0.0
171_e_au25.100.png,5.437490463256836,0.10606749355792999,1.433915138244629,-0.6422789096832275,-0.012748325243592262,3.9055778980255127,1.7635613679885864,3.830474615097046,0.5195399522781372,0.09767884016036987,0.0,0.0,0.0,0.0,0.0,0.0,0.0,0.0,50.0,0.0,0.0
171_e_au25.25.png,5.5248003005981445,0.10505042970180511,1.4932262897491455,-0.7944401502609253,-0.08694752305746078,4.0799360275268555,1.731706142425537,4.452672958374023,0.5950718522071838,0.010444060899317265,0.0,0.0,0.0,0.0,0.0,0.0,0.0,0.0,12.5,0.0,0.0
171_e_au25.5.png,1.9139188528060913,0.29508674144744873,-0.24507015943527222,-1.0646358728408813,-0.8268706798553467,2.1181840896606445,1.7047702074050903,3.180363178253174,0.41755732893943787,0.2479570508003235,0.0,0.0,0.0,0.0,0.0,0.0,0.0,0.0,2.5,0.0,0.0
171_e_au25.75.png,5.681938171386719,0.07844425737857819,1.593674659729004,-0.7278489470481873,-0.015408657491207123,4.134824752807617,1.7058148384094238,4.280076503753662,0.5454767346382141,0.054592568427324295,0.0,0.0,0.0,0.0,0.0,0.0,0.0,0.0,37.5,0.0,0.0
