ImagePath,PredPSPI,PredAU4,PredAU6,PredAU7,PredAU10,PredAU12,PredAU20,PredAU25,PredAU26,PredAU43,ActualPSPI,ActualAU4,ActualAU6,ActualAU7,ActualAU9,ActualAU10,ActualAU12,ActualAU20,ActualAU25,ActualAU26,ActualAU43
171_e_au25.0.png,1.021270990371704,0.18659621477127075,0.22324305772781372,-0.08426903188228607,-0.14419588446617126,0.3655416965484619,0.1965489238500595,0.6208033561706543,0.14509347081184387,0.022377710789442062,0.0,0.0,0.0,0.0,0.0,0.0,0.0,0.0,0.0,0.0,0.0
171_e_au25.100.png,1.225010871887207,0.10687734931707382,0.3520902395248413,-0.08184081315994263,-0.15859179198741913,0.8032766580581665,0.4502832293510437,0.730218231678009,0.036341454833745956,0.044428542256355286,0.0,0.0,0.0,0.0,0.0,0.0,0.0,0.0,5.0,0.0,0.0
171_e_au25.25.png,1.3662312030792236,-0.01728234440088272,0.46833962202072144,0.14651232957839966,-0.09715330600738525,0.6972987651824951,0.31739503145217896,0.5388377904891968,0.23756907880306244,0.03177330270409584,0.0,0.0,0.0,0.0,0.0,0.0,0.0,0.0,1.25,0.0,0.0
171_e_au25.5.png,0.6978339552879333,-0.005158879794180393,0.24224035441875458,0.11524881422519684,-0.08514188230037689,0.5458279848098755,0.533871591091156,0.4507578909397125,0.0734253078699112,0.010989656671881676,0.0,0.0,0.0,0.0,0.0,0.0,0.0,0.0,0.25,0.0,0.0
171_e_au25.75.png,1.3463243246078491,0.22742852568626404,0.2107386440038681,-0.0767313539981842,-0.02775168977677822,0.7689188718795776,0.5050579309463501,0.9649288058280945,0.08475178480148315,0.023295389488339424,0.0,0.0,0.0,0.0,0.0,0.0,0.0,0.0,3.75,0.0,0.0
