ImagePath,PredPSPI,PredAU4,PredAU6,PredAU7,PredAU10,PredAU12,PredAU20,PredAU25,PredAU26,PredAU43,ActualPSPI,ActualAU4,ActualAU6,ActualAU7,ActualAU9,ActualAU10,ActualAU12,ActualAU20,ActualAU25,ActualAU26,ActualAU43
171_a_au25.0.png,5.538041114807129,-0.40133213996887207,4.776100158691406,-2.80482816696167,0.0064286403357982635,3.7407329082489014,0.23715177178382874,2.1699957847595215,0.9807210564613342,0.26691243052482605,0.0,0.0,0.0,0.0,0.0,0.0,0.0,0.0,0.0,0.0,0.0
171_a_au25.100.png,5.9235992431640625,-0.4336540699005127,4.840223789215088,-2.493361473083496,0.05333077907562256,4.43612813949585,0.5894067883491516,3.0098626613616943,0.9528749585151672,0.282500684261322,0.0,0.0,0.0,0.0,0.0,0.0,0.0,0.0,50.0,0.0,0.0
171_a_au25.25.png,5.648756980895996,-0.41226866841316223,4.796968460083008,-2.7128360271453857,0.02437642775475979,3.8811240196228027,0.3245384097099304,2.376256227493286,0.9470400214195251,0.27416062355041504,0.0,0.0,0.0,0.0,0.0,0.0,0.0,0.0,12.5,0.0,0.0
171_a_au25.5.png,5.742612838745117,-0.41933315992355347,4.802350044250488,-2.6245293617248535,0.03020654432475567,4.04892110824585,0.4153743386268616,2.576831579208374,0.933518648147583,0.27911674976348877,0.0,0.0,0.0,0.0,0.0,0.0,0.0,0.0,2.5,0.0,0.0
171_a_au25.75.png,5.838086128234863,-0.42473283410072327,4.830010414123535,-2.5640366077423096,0.04042145609855652,4.252986431121826,0.49652910232543945,2.7615177631378174,0.9293026328086853,0.286337673664093,0.0,0.0,0.0,0.0,0.0,0.0,0.0,0.0,37.5,0.0,0.0
