ImagePath,PredPSPI,PredAU4,PredAU6,PredAU7,PredAU10,PredAU12,PredAU20,PredAU25,PredAU26,PredAU43,ActualPSPI,ActualAU4,ActualAU6,ActualAU7,ActualAU9,ActualAU10,ActualAU12,ActualAU20,ActualAU25,ActualAU26,ActualAU43
171_e_au25.0.png,6.203235626220703,1.8949358463287354,1.2266788482666016,-1.5103029012680054,1.1497825384140015,-0.9989401698112488,0.9871904850006104,1.757378101348877,3.191568374633789,1.0572142601013184,0.0,0.0,0.0,0.0,0.0,0.0,0.0,0.0,0.0,0.0,0.0
171_e_au25.100.png,1.6021696329116821,-0.2512623071670532,-0.7915390729904175,0.3337154984474182,-0.027648545801639557,0.1401536464691162,0.9874249696731567,0.813843309879303,0.44836822152137756,1.9780495166778564,0.0,0.0,0.0,0.0,0.0,0.0,0.0,0.0,50.0,0.0,0.0
171_e_au25.25.png,7.303229331970215,-0.9905223846435547,5.380547523498535,-0.7574546337127686,-0.278874933719635,8.827983856201172,1.3968366384506226,4.059704780578613,-0.9811744093894958,1.6963496208190918,0.0,0.0,0.0,0.0,0.0,0.0,0.0,0.0,12.5,0.0,0.0
171_e_au25.5.png,7.480569839477539,2.0077736377716064,1.582380771636963,-1.2393323183059692,1.6276724338531494,-1.6429450511932373,0.966469943523407,2.4637720584869385,3.743908643722534,1.098193645477295,0.0,0.0,0.0,0.0,0.0,0.0,0.0,0.0,2.5,0.0,0.0
171_e_au25.75.png,6.871285438537598,-0.9254409074783325,4.983514308929443,-0.6765276789665222,-0.06747841089963913,7.877176284790039,1.357792615890503,4.477107048034668,-0.8158567547798157,1.61056649684906,0.0,0.0,0.0,0.0,0.0,0.0,0.0,0.0,37.5,0.0,0.0
